{"Original Base": {"Linear Regression": {"r2_score": 89.43119750467753, "mae": 0.39572297939226464, "mse": 0.23961839502541288}, "Random Forest": {"r2_score": 87.21081214167695, "mae": 0.43198745017555856, "mse": 0.2899594982162038}, "XGBoost": {"r2_score": 84.83180295988062, "mae": 0.47379552688677107, "mse": 0.3438969582212567}}, "SMOTE Balanced": {"Linear Regression": {"r2_score": 76.0, "mae": 0.5363220830733435, "mse": 0.45798571648006003}, "Random Forest": {"r2_score": 82.0, "mae": 0.4690538064579719, "mse": 0.34348928736004525}, "XGBoost": {"r2_score": 89.0, "mae": 0.3643563125388854, "mse": 0.20991012005336082}}, "CGAN Generated": {"Linear Regression": {"r2_score": 0.21435092537607225, "mae": 1.3862095753368877, "mse": 2.5215821506685874}, "Random Forest": {"r2_score": 0, "mae": 1.412064660016075, "mse": 2.6551068896908916}, "XGBoost": {"r2_score": 0, "mae": 1.467562280038409, "mse": 3.013370475578427}}}