{"Original Base": {"Logistic Regression": {"accuracy": 80.90614886731392, "precision": 80.52858683926645, "recall": 80.90614886731392, "f1": 80.66542725332232}, "Random Forest": {"accuracy": 100.0, "precision": 100.0, "recall": 100.0, "f1": 100.0}, "XGBoost": {"accuracy": 100.0, "precision": 100.0, "recall": 100.0, "f1": 100.0}}, "SMOTE Balanced": {"Logistic Regression": {"accuracy": 73.91304347826086, "precision": 73.93892386687465, "recall": 73.91304347826086, "f1": 73.92271408676518}, "Random Forest": {"accuracy": 80.95238095238095, "precision": 80.96338862335737, "recall": 80.95238095238095, "f1": 80.94813006688204}, "XGBoost": {"accuracy": 87.99171842650104, "precision": 88.00986714815946, "recall": 87.99171842650104, "f1": 87.98660530845113}}, "CGAN Generated": {"Logistic Regression": {"accuracy": 57.49999999999999, "precision": 33.0625, "recall": 57.49999999999999, "f1": 41.98412698412698}, "Random Forest": {"accuracy": 56.599999999999994, "precision": 45.67157770399694, "recall": 56.599999999999994, "f1": 43.94239935857859}, "XGBoost": {"accuracy": 53.2, "precision": 45.94259984570648, "recall": 53.2, "f1": 46.74320089815028}}}